5.350802534503165120e-01,1.301937078802007930e+00,8.174179763123757825e-01,6.231920079129201762e-01,6.112193109905330601e-01,7.152554605787506126e-02,4.897642824840296449e-01,5.121808639519465078e-01,3.804077775641538373e-01,1.655760341253611767e-01,1.125073235625592138e+00,3.557344104895926451e-01,3.055503995589481381e-01,2.798608429356055360e-01,4.649771704028587416e-01,4.968135942490500834e-01,6.442430656517572629e-01,6.208273122704931202e-02,4.870208723095045267e-01
1.396061543530597859e-01,5.995450794996540766e-01,2.478779881301857446e-01,-1.812824464883345532e-01,8.403535334030470816e-01,6.014950495281152776e-01,8.551028513330555247e-01,9.626374547258679248e-01,5.595680891085716979e-01,3.001470625249600399e-01,3.859547662645062549e-01,5.600098310574883609e-01,3.205667907529854421e-01,-1.068248962816429337e+00,5.086292930668975254e-01,8.825912165380463970e-01,-1.177112311602072636e-01,9.324595025114443825e-01,4.061760682138738088e-01
4.747257562552719690e-01,5.321929441226661561e-01,2.171100786683298756e-01,7.156130173664443372e-01,6.980098809903997337e-01,2.928462865704893892e-01,5.023154552540758377e-01,5.249855956703776139e-01,2.697836662666629470e-01,9.956183105996260219e-01,3.957495970671980889e-01,3.741010548018555149e-01,1.586940629322821927e-01,6.419889202394087890e-01,5.105383783970789402e-01,1.804845011060822804e-02,1.053339425883807801e+00,5.785920027709646751e-01,2.245319019406475936e-01
5.029465756803799120e-02,4.573428087905152539e-01,3.609168846743266434e-01,3.929466136898397410e-01,7.444182273011017426e-01,7.142383135361630719e-01,2.899411931019256206e-01,2.131936514294340834e-01,7.345752478998243129e-01,7.906718785003744587e-01,7.143344748377105091e-01,8.043158020066520919e-02,3.032247531708712751e-01,1.142199426501596116e-01,3.377470832507374343e-01,4.625361872987005518e-01,5.756292960872636533e-01,1.186352246676792177e+00,1.834093305175829303e-01
-9.836489707490725376e-02,1.332579852260366571e-01,3.827448305793926253e-01,9.082839370969291171e-01,4.646806918493263661e-01,4.054992983054561684e-01,7.717257575445857221e-01,-2.546093682877555997e-01,4.559243417316202751e-01,-3.781304497103777501e-02,3.603639402336067388e-01,6.278170053625320435e-01,1.442897048793946591e-01,5.415151564438056564e-01,4.092461746597286232e-01,4.735101500169564548e-01,6.819391266272690766e-01,-3.052223333432697583e-01,6.785400940728517627e-01
5.966331838632880080e-01,9.593828178275691787e-01,6.582553058525290046e-01,6.459695000004972432e-01,5.499019758938290536e-01,4.565850280966243790e-01,4.299133027999834655e-01,6.705056039945854751e-01,8.730776082859640352e-01,-7.571889449500389668e-01,4.824664939995273460e-01,6.178283530875814389e-01,9.927058959716403841e-01,7.147756752229506017e-01,1.175254267790540874e+00,7.963452328031035699e-02,8.338543600285494573e-02,2.381129379668006085e-01,7.644956054116421873e-01
1.087548104488456735e+00,3.649526129835185539e-01,9.509104451064078756e-01,2.150952944886854179e-01,6.553034434024752608e-01,1.856072049644625632e-01,-3.240157907832331152e-01,2.369241319339557561e-01,6.177162291491632429e-01,4.561971449268585332e-01,-1.889000659579146424e-01,1.097655382941275848e+00,-1.448630364829646688e-01,7.691062588171488912e-01,2.373617293044393839e-01,9.946047627852843132e-01,7.674946156206630121e-01,4.925043593092489069e-01,2.549555569243039943e-01
4.553560598690151728e-01,4.201638658557376171e-01,6.370198384359684884e-02,-4.497822005323903923e-03,3.004641046596446818e-01,1.022641769031238157e+00,7.296969107765070017e-01,1.113425526725629666e+00,3.936629039466440494e-01,5.547004784908330377e-01,8.880186130204611450e-01,2.368097280145684269e-01,5.016962964553250970e-01,7.141338628461721960e-01,4.915194652954220367e-02,8.320818874984332869e-02,1.874909231190727832e-01,2.003734921602941532e-01,2.844305163970451966e-01
3.320406851022206784e-01,6.042706469469069086e-01,9.720265514808303087e-02,6.957089870549265642e-01,1.669835873852089092e-01,-1.515291874028841246e-01,4.940805272189697228e-01,6.540352878399264824e-01,5.509995814384102131e-01,4.816205466811694924e-01,3.000459364858626965e-01,2.708843185743680104e-01,8.396923302460865823e-01,5.358240419630128093e-01,5.620691898998576574e-01,3.795417104309471990e-01,3.576085409353462752e-01,-1.124212013876050159e-01,2.492238614200242286e-01
3.711836792682058350e-01,3.068074867586522703e-01,4.023835610987237521e-01,3.858616933455423226e-01,6.978656135924485859e-01,8.267882866222098226e-01,4.615415996681986321e-01,8.218305445091879102e-01,2.134063187738781397e-01,4.167404076263893087e-01,6.765212370460369495e-01,1.009428688721314860e+00,1.636702205033027380e-01,3.552878060477285271e-01,6.601619102573612341e-02,3.475005052813789908e-01,1.842355334687266477e-01,1.091289596567763809e-01,3.113157042627653914e-01
4.146352026715768857e-01,5.774386793442125576e-01,2.841779445037112550e-01,1.129290777826003511e+00,9.660981529571477378e-01,3.063144088244726948e-01,4.730538591735092835e-01,4.062346258349808226e-01,3.264407776656384486e-01,1.021612647982308664e+00,-9.109275153311850726e-02,4.572959290266227494e-01,2.664501003721385652e-01,1.136970838147797341e-01,-4.167018622208386036e-01,4.536615088526309569e-01,4.358600914561525652e-01,-4.729234518533470544e-01,-2.577888208791356828e-01
1.909875715248637584e-01,1.316222131855531385e+00,6.840170271176247985e-01,8.143012120561397005e-01,6.032039642228570475e-01,1.102545252790574221e-01,8.037180088427505753e-01,8.892346516613707230e-01,7.766424699405539700e-01,-7.455404636496009152e-01,2.993184162680185278e-01,2.776364910830891874e-01,2.338067593011318446e-02,7.779801981944470812e-01,1.350454381175031915e-01,8.108343968161926263e-01,2.728227592161113213e-01,3.081177981301420066e-01,-1.065169348417776135e-01
6.560046780817726519e-01,4.563949768303520171e-01,3.687174725947055531e-01,4.888166377153926323e-01,7.093070414371407395e-01,4.242015308913311689e-01,2.965709670420411115e-01,2.729754981759407451e-01,5.168808308347041525e-01,8.365153867459133863e-02,1.041923434194463427e+00,4.596877315222171467e-01,9.273659847123425504e-01,9.559137441574593330e-01,-3.758735684439527651e-03,6.344877315306972632e-01,8.654974157043259231e-01,1.873675631316899792e-01,4.767203677427915842e-01
6.316162204031080529e-01,1.735293039798347370e-01,6.711468494126127116e-01,2.081818576977981505e-01,1.328094092964053008e+00,4.865968337081826856e-01,2.547464953051844505e-01,1.110663913154692706e+00,8.750203658581534594e-01,-3.266293158982895850e-01,5.540702834069671096e-02,8.893647055048483629e-01,8.017077919947719344e-01,2.376064344922095284e-01,1.450442327348701044e-01,1.649408116657359591e-01,2.199367892003719904e-01,4.032675291578100008e-01,4.536922086776584706e-01
8.034731388843755484e-01,8.963421672954055008e-01,1.243036213922067562e-01,5.785848340199238882e-01,-1.401693551328400678e-01,1.196422949071026975e+00,1.180885802350430808e-01,3.809899968907901613e-01,-3.518896653425282461e-01,2.475206942638927543e-01,4.597027801627918686e-01,1.022148752930885029e+00,9.878204451735044245e-01,7.981199613338506582e-01,5.451920525024561703e-01,6.365910422812846026e-01,9.602279502892768770e-01,3.430221508948937403e-01,9.202410517093936315e-01
4.913714747282624251e-01,2.644369088177065397e-01,7.739036659640728955e-01,8.432822738483716218e-01,-4.213259195266064877e-02,3.102901423993844054e-01,6.859397670982009254e-01,-1.793490230078643999e-02,4.937253672658924175e-02,1.032800979870876157e+00,4.413418120999422767e-01,4.608165942023931816e-01,3.107302477062685031e-01,5.816804363600805994e-01,2.727022830042200585e-01,4.920181371011298488e-01,9.486415863388260039e-01,4.392226896762822519e-01,7.743013894825361010e-02
5.885232022915097838e-01,-3.521201171166794541e-01,4.115739611373836482e-02,6.632668519022448805e-01,-2.728760291742022837e-01,1.517406256926578267e+00,9.182150793964821700e-01,-9.283519265097177342e-02,5.267647732801081784e-01,6.570823428215895046e-01,4.997338681860084009e-01,7.911635935277359089e-01,4.738414832797062659e-01,6.316074237576209116e-01,9.154663080055035485e-01,5.956911484007558766e-01,2.519898907005825861e-01,-9.920115674169874276e-02,5.400137422066356718e-01
7.637201824256174554e-01,3.741630092703345789e-01,1.444595128655901117e-01,1.248880685537921753e+00,9.717250920305281481e-01,9.538916934966944483e-01,3.745613830630912244e-01,2.540725537855098026e-01,3.152348816732834513e-01,1.896111478279692564e-01,6.667593644833859079e-01,3.867029879498606326e-01,3.137673604457961174e-01,1.009814263170401460e+00,1.256297592063297663e-01,8.368607873431128663e-01,-5.270157067954320956e-02,-2.463583031453095706e-01,4.889079343887376972e-01
-1.170014414211374143e-01,8.108705791254199324e-01,2.038003285790581168e-02,3.668660927620481238e-01,9.805117856957136224e-01,2.922929782091696072e-01,4.892613261136290470e-01,9.242075381909499177e-01,4.439613269425474740e-01,6.029092361880588058e-01,5.939977013018244989e-01,9.403969952454586112e-01,-8.681525808763515539e-02,-3.620174446320911232e-01,1.102788612179754546e+00,3.618100932553602878e-01,6.175825229175908593e-01,1.540412563874765106e-01,5.977075943568688210e-01
4.800608362415661468e-01,1.930762503812750441e-01,5.438521456200823279e-01,2.716321861411109539e-01,1.723780701758733103e-01,7.316932264444108158e-01,5.518143995897124565e-01,8.489008061659776283e-01,6.870362024333126483e-01,-1.690814502099801664e-01,4.702102268244191113e-02,1.616761892041810311e-01,2.428587259514355667e-01,1.038035170461014456e+00,8.103857732983525963e-01,5.321102276674032350e-01,7.379841469147705446e-01,6.197030960685406820e-01,3.994083227381062251e-01
4.209255522836586327e-01,2.997711350094829363e-01,6.855797854452398976e-01,3.679291847721987141e-01,1.321954589684428694e-01,3.009999192498115095e-01,6.482716276751138151e-01,4.160115182672822765e-01,7.652029818406529404e-01,6.522990688012779703e-01,3.741370361826063529e-01,2.114751441568573365e-01,8.490090165656715149e-01,5.871756733302451181e-01,8.389595458116951843e-01,-4.499052972884057082e-03,7.241866549999024238e-01,4.462172987318915873e-01,3.377486089962525861e-01
5.000194291706778760e-01,1.374436737474436843e+00,-2.369315195245074238e-02,1.852110141436545121e-01,1.695429487828305770e-01,6.943774766487489924e-02,4.364566644559740860e-01,-5.088523805727161037e-02,1.366362241265663968e-01,-7.822176743524289488e-02,-5.485479191810071348e-02,8.139962575201780126e-01,4.643058774607953243e-01,4.933179710165134235e-01,8.843270210789693220e-01,1.177630662654162164e-01,7.427272642737078878e-02,1.128204624515344978e+00,1.004626902046154679e+00
2.512145716681807861e-01,7.183923928561729566e-01,4.597804456338450141e-01,-9.334378907058984987e-02,7.772899221295965777e-01,4.901896288029884419e-01,3.880474056366744473e-01,5.718464776000648647e-02,1.231300921502603396e+00,5.886949121646875005e-01,4.170605215123051601e-01,1.873776754347362961e-01,4.091321602015215442e-01,-2.657316768343871427e-01,5.069365586207972285e-01,4.663784268467808802e-01,8.164736996647316003e-01,6.691238030955047877e-01,4.426597786063881101e-01
8.215512472488571971e-01,1.035943654267028835e+00,8.056724002295171383e-01,1.046791446350940014e+00,7.111835965271606774e-02,5.180357728764473091e-01,3.728350268492027220e-01,3.226723532258737315e-01,4.728808529344373512e-02,2.207541650723626736e-01,3.026948883457681316e-01,3.713621574630636135e-01,4.454335443973095332e-01,3.799499289165817473e-01,6.391798331503687480e-01,6.104987907030416938e-01,4.611527053737786153e-01,4.012712944149513655e-02,4.500202053598763990e-02
1.142043269286760809e+00,1.104860637151675373e+00,5.951990436570511189e-01,3.511198050210951327e-01,4.055348621743599669e-01,2.490791560118159609e-01,7.017716682495458436e-01,4.957344879522950776e-01,3.585970437453891990e-01,4.272940844537842509e-01,6.081184567335236046e-01,5.710129924093767517e-01,5.801374836777505317e-01,1.591145322854039743e-02,6.667810168531668191e-01,3.495123235959157748e-01,3.520093415349558885e-01,9.000073931757702761e-01,-7.311549411430431356e-01
5.702527082757017363e-01,-5.034731230054891871e-01,-1.757933626855379683e-01,9.112131339228046745e-01,7.276714942299555844e-01,2.573046937800286260e-01,3.488928361535882927e-01,1.678756164471088830e-01,5.623306459685223357e-01,2.589975832463169425e-01,8.211778355205417990e-02,6.629565785821666113e-01,8.960968367771966481e-01,5.631789785952511229e-01,9.074986842265341247e-01,7.952764753445008550e-01,4.547024994058357361e-01,5.129939728137692390e-01,8.525371255967656436e-02
7.469965854704679886e-01,7.812656618973544687e-01,5.122814021252021510e-02,9.054710842023272477e-02,-1.560698194212423173e-01,6.332502429698709800e-01,5.964812452079866212e-01,1.176144141638367557e+00,4.748060403984098454e-01,1.157693155130264717e+00,3.060435448757408139e-01,8.617376647136468781e-01,3.137640985115581205e-01,9.522148506647859501e-01,4.059891566807340979e-01,2.902929572189250074e-01,2.525487710943379871e-01,1.746361171165286275e-01,2.866461236304087001e-01
4.511424291186569291e-01,-5.764878771592214513e-01,2.248986722527690496e-01,4.898540041003032197e-01,5.072031242292140973e-01,4.850095692439269635e-01,6.061444427939516322e-01,2.020119528445373236e-01,4.189202930039679917e-01,5.361963569215766334e-01,3.731169797747906358e-01,9.906614505824903327e-01,4.925918881250318515e-02,1.098514060280348481e+00,6.963819188733348930e-01,1.795419731654161188e-01,1.651401378419526111e-01,1.155269530123913813e-01,2.263231892952208002e-01
3.180046037529110081e-01,2.090820710006136840e-01,5.201495462061206387e-01,3.928135420725276661e-01,-1.691613039164046456e-02,5.254671254135514502e-01,4.151819793242337853e-01,5.770332107177343905e-01,7.204902378517555883e-01,5.716528942560583637e-01,7.915660355234899193e-01,-6.195409512454472245e-02,7.387985100975644759e-01,2.695241108589376822e-01,9.346267303290026751e-01,4.173155548745756671e-01,7.194385010523759449e-01,6.488238778603835355e-01,2.813295758187325801e-01
2.785517094421612883e-01,5.816128742248773964e-01,8.108670916747712232e-02,3.284329863475782263e-01,1.279049337917966267e-01,5.647935336575373722e-01,9.835657444031485896e-01,2.592543497825497978e-01,2.200363866149807890e-01,-3.225727441085260438e-01,3.324194847079749437e-01,1.957709955684422687e-01,5.480793465733988512e-01,1.010539313122154503e+00,4.754880143733201669e-01,-2.065185719009096990e-02,6.552774182527468239e-02,3.232059462724051202e-01,9.953455417555415741e-01
4.508026668198454878e-01,4.268820658099690690e-01,2.454451990112989090e-01,8.767292168436083832e-01,4.375121380645272118e-01,7.335558660399003061e-01,2.969857574289059277e-01,3.538424954017839741e-01,2.900307241694500271e-01,9.319577379789831806e-01,-1.608044690105072394e-01,6.292359590126219704e-01,5.148028360918104340e-01,4.792732194793630218e-01,5.772545340408264530e-02,3.105628845535997051e-01,2.593229287376365710e-01,-3.445875029452207666e-02,2.054429104894808789e-01
-4.935534563388628559e-02,2.766111613224876420e-01,1.517825592768717591e-01,6.243317856117056586e-01,1.789252954988165001e-01,-1.902017630018430494e-01,2.350801667482692037e-01,-2.188827114988884381e-01,9.755508783735533651e-01,-5.120684412987358547e-02,1.326592093455614130e+00,9.529238301217752838e-01,1.960134074719671882e-01,-3.263031875375932422e-02,6.711755924306916921e-01,6.848114506370035492e-01,1.068643028350607205e+00,1.018508000892686116e+00,3.894824899690956244e-01
9.157541703143238232e-01,3.908280016998432194e-01,4.329001962284546035e-01,4.330840950472025219e-01,1.092321801090197608e+00,-6.019004558587773834e-01,8.391371177498968548e-01,8.583183881868226839e-02,7.328777858835235914e-01,2.551979894017184503e-01,6.032722376513863782e-01,7.943153243653630069e-01,9.197524740113969255e-01,-6.981473992921048699e-02,1.336230869271007038e-01,2.597338599412923887e-01,7.872189199944376603e-02,2.851176028287190634e-01,9.611098790115185642e-01
1.256329512938971493e-01,6.039812632202991305e-02,3.616955595100341259e-01,4.763195908762367092e-01,7.284364134036117600e-01,4.394968093041144996e-01,4.515809934962252692e-01,2.856030048810134780e-01,2.379061454128717223e-01,3.959821219935785730e-01,5.255318890722482372e-01,4.929711278358175908e-01,1.158137310567321915e-01,3.105762446675541244e-01,9.098441329229506325e-01,6.668684591866171907e-01,2.763750911879230276e-01,4.157679226269438977e-01,9.632821353113055762e-01
8.333987435132845789e-01,9.975902977268424898e-02,-4.908661330047039278e-02,9.442115970941659109e-01,1.652054998590775092e-01,4.168581935990918752e-01,2.010894848489825082e-01,3.684491648872869063e-01,7.424630858464176253e-01,4.493891457747162255e-01,8.306344507075489325e-01,3.795885359573821782e-01,6.406806962426242480e-01,1.143517768901418874e+00,3.050407696634524490e-01,7.656913299909451354e-01,-4.862968518396257878e-01,2.867023341805257641e-01,-3.193468036281684186e-01
-7.574731357100882301e-01,7.891516019870863374e-01,-3.817463463040115523e-01,-2.507906157628273514e-01,3.721118990209542621e-01,5.212913354679454825e-01,1.413676416111976364e-01,-2.128436763796595355e-01,4.723987842560023465e-01,4.211989668097709805e-01,6.289399714019077159e-01,2.470958842067815242e-01,5.002789049573327373e-01,9.483666641854789914e-01,6.154179391414834610e-01,3.520078719439639348e-01,5.203843134690749883e-01,-8.078282485527857326e-02,7.607732945172154260e-01
-6.731518676944229541e-03,3.240999874705171035e-01,3.845248606283166448e-01,7.028791835368587426e-01,3.170392154248707350e-01,2.366290552782864265e-01,3.881964466827289573e-02,2.039173067025190911e-01,1.059958422187711857e+00,5.375978256445904657e-01,2.199432174868792833e-01,5.226351332620654544e-01,6.877967012212423681e-01,5.208226057743730042e-01,3.219140840393412417e-01,4.930262348041898335e-01,8.566563230015049601e-01,7.392144958989513848e-01,4.286848905638983576e-01
6.104557939689260193e-01,8.805697500022134916e-01,7.989145091002755050e-01,-7.380250310913957223e-01,4.609280731644961882e-01,2.919591527877242187e-01,8.160586054787988264e-01,6.138379166524975394e-01,7.211099621928371839e-01,2.765666743801328264e-01,1.871472999009743954e-01,5.238214811625038214e-01,-3.712364204668759382e-01,4.134688058063072380e-01,3.138662723388481735e-01,4.872790844922518794e-01,6.278769521937298537e-01,2.158765943506910645e-01,4.800675755975922776e-01
4.030781907550404219e-01,5.712847067601386497e-01,8.406915744417292613e-01,2.901880213842087941e-01,1.315414599729911316e-01,3.322717001634489103e-02,3.882590669516882698e-01,4.404443743992052518e-01,8.402592149142572575e-01,3.505495154776658850e-01,-4.116976815202975926e-02,3.246785605773021555e-01,1.531509118918260581e-01,5.305656363315637281e-01,1.270436716385472176e+00,8.118451014783943931e-01,2.579814981402985818e-01,2.986344668470284347e-01,3.051821123220887499e-01
6.217856988986599776e-01,4.310651302497170989e-01,2.734046593325769603e-01,1.823233957349005771e-02,1.865098705767327392e-01,2.992394857908485251e-01,4.843672202269878185e-02,3.800619581066697061e-01,-2.177234304854086533e-01,2.906309286159171057e-01,1.023824459781403684e+00,2.159040803686848309e-01,8.481016421183452669e-01,3.019326605771412986e-01,1.019456887701967407e+00,2.711950549314083858e-01,4.052990465333499714e-01,5.694700894013836612e-01,6.934177023096064207e-01
2.986206977254995953e-01,3.287595076815470474e-01,3.549617000125845356e-01,2.197451833029532842e-01,5.059384451870645449e-01,1.092450432758727441e+00,3.773183057249596684e-01,4.918610938014803674e-02,4.950071824207921689e-01,2.737707738482938469e-01,9.852493431505706667e-01,7.275666922202754516e-02,9.028749387173437557e-02,4.962886234029708077e-01,4.065301482055416749e-01,7.559464629835044303e-01,5.274342223665348106e-01,6.734010784575724662e-01,3.652406605004318574e-01
5.077452850795868278e-01,1.024875289052000316e+00,9.502142386561608645e-02,2.944025869053947808e-01,1.968749386087707831e-01,8.921644179370874506e-01,2.431634927380184885e-01,1.308683331073094147e-01,-3.353436568818424224e-01,5.715113269616326486e-01,6.386887750681726761e-01,9.097988352615388186e-01,2.245292075215284955e-01,6.236677495125859949e-02,1.698464009380221684e-01,7.402056534368314233e-01,7.308579846334376517e-01,7.353975989541975400e-01,9.025025600023895977e-01
3.493627558635461483e-01,3.845357534720911241e-01,7.348704404311130478e-01,4.611184268114389972e-01,1.456575259057635297e-01,7.488985691596500294e-01,5.159716505048099755e-01,5.644483102104057570e-01,5.532581495970495533e-01,6.190664145600301982e-01,8.403602461415539127e-01,6.141729499874364340e-01,4.050118041953216785e-01,5.983215229078674424e-01,6.704201166807201018e-01,-3.600685865232928218e-01,2.827012193025226772e-01,9.133749060084377369e-01,4.598834061333769152e-01
3.734710235115393240e-01,5.557520552494221722e-01,3.577628365529681997e-01,2.070013979823585593e-01,3.929942820750395582e-01,8.590677732662495014e-01,1.808811244845575927e-01,2.051750477083778557e-01,1.040961771800684582e-01,5.125754652863856453e-01,7.837816722801487224e-01,2.938505852392469531e-01,5.226795099115116860e-01,1.087724827156040686e+00,3.922570912993255665e-01,9.336428712338288305e-01,2.155967332349455895e-02,1.049204642760661832e+00,7.424962315277900959e-01
-3.515700393209267305e-01,2.014626448165212358e-01,2.959469618997401241e-01,9.743426309976920274e-01,3.925416746122539768e-01,2.300779877601918932e-01,9.039868872886717976e-02,8.697361621114734972e-03,1.015803771971850317e-01,3.990211298596540446e-01,8.537447232285566567e-01,3.339756864149007742e-01,9.372021152420810797e-01,5.560239389190988479e-01,8.606490701249576158e-01,2.962443636238222266e-01,1.717691630927050128e-01,2.373901428260000446e-01,9.341279853190651572e-01
4.029537136552024945e-01,4.560796159658640492e-01,7.101537850004869812e-01,2.722932905666073378e-01,3.671976691746176580e-01,7.186769636907357484e-01,3.184735274527094595e-01,6.577118126446053203e-01,3.516486847587379505e-01,5.929036519717135745e-01,1.978991106104486808e-01,2.285276712244699304e-01,2.904792022604303359e-01,9.418872216734238689e-01,5.488517030478146097e-01,4.565972667051507727e-01,9.599424988194902308e-01,6.905255870792766787e-03,8.146986076317909442e-02
2.327086738620682549e-01,-7.353312627201455953e-01,5.209066136923419521e-02,4.068351221437837006e-01,6.394350545453232337e-01,4.046645688745670877e-01,3.920757528835251415e-01,6.718903204208073188e-01,8.716746826250670876e-01,4.502638190307046706e-01,4.673816691889645658e-01,3.990114326027037195e-01,1.560203834836507986e-01,5.636365698008651004e-02,5.060598252582572121e-01,1.889424050773891028e-01,8.655606563650153351e-01,5.048337470388035708e-01,6.591478607911575027e-01
2.916512787592430433e-02,6.726161062743453156e-01,7.190297136283301249e-01,9.078396282814525931e-01,1.200985299939944795e-01,7.032140643604474217e-01,4.767974826184143144e-01,9.438828865728580986e-02,9.144348788206404510e-01,-1.411480044467347539e-01,2.708263348607275467e-01,5.206147671989823644e-01,4.009541439632741122e-01,3.330434881559188875e-01,5.544802630482374983e-01,2.891880343203672155e-01,4.368614535157973044e-01,9.266692091974848555e-01,4.750840145134405668e-01
-4.031211741566530921e-02,3.312568078758614254e-01,7.585127297218333120e-02,3.814828039789520675e-01,3.281012816193845660e-01,2.224101240147383363e-01,2.298528923426359227e-01,3.358224210637602014e-01,6.514441076306056733e-01,7.055965816226892340e-01,5.651518760528068119e-01,5.804038316839277289e-01,4.137766295125520077e-01,4.504592535320517399e-01,-3.162310878731813130e-02,1.073469696483111857e+00,3.353567152897081183e-01,3.923777425253507367e-01,5.500459854585498798e-01
1.036513599037062860e+00,3.195853561468459114e-01,4.319850035402263977e-01,9.027801520051687012e-01,4.987490561932442779e-01,5.344339775754953364e-02,3.172773936180919852e-01,6.060140972232769263e-01,6.900351453806715663e-01,1.710167651939696054e-01,-3.980403714529606729e-01,7.943686909488834047e-01,8.241715432859343382e-01,3.722201808258260303e-01,-7.097724687486797746e-02,8.313529614652586108e-01,9.287912255920980353e-01,3.966146374070371738e-01,1.799554829892015817e-01
8.636420119021577524e-02,3.409173468749012725e-01,5.144289464471701878e-01,1.157001329013465751e+00,5.081159797076089113e-01,6.591913956876702674e-01,2.575553970413469451e-01,5.738393204541964998e-01,-3.833760178570715382e-01,1.017432818208044099e+00,6.385060764852746873e-01,9.211913535992871660e-01,2.351482245321335207e-01,5.067397731276865880e-01,6.705652048156405254e-01,5.916237150692764679e-01,-3.508972607113670095e-01,1.752582683640162842e-01,6.938602352762052172e-01
7.223234543212389003e-01,5.193263935417627986e-01,3.145448199872608597e-01,5.323595092953584684e-01,5.994888089891746707e-01,2.238623272023699262e-01,2.277066469567848028e-01,1.871848480924540314e-01,2.186857650263586694e-01,4.421464278157584138e-01,2.468760717673633975e-01,5.782126683257412525e-01,3.322388431608733761e-01,2.626290361972743459e-01,2.701759541297404366e-01,3.445902497142804277e-01,4.008254028384130030e-01,9.434198219484893899e-01,-1.708266612074133550e-01
3.776904016055125379e-01,5.628036737947095247e-01,5.814921774247570063e-01,3.333325314860677291e-01,5.526230262083487998e-01,5.483548765612586973e-01,6.801474246023103687e-01,7.494075898765633070e-01,-3.777460236563513485e-01,2.723900590254033083e-01,6.626042158662379666e-01,8.012202413099012155e-01,-2.132649029984552136e-01,1.245418091754674883e+00,1.723049968865017212e-01,2.889641506375001945e-01,5.465768965585825478e-01,4.700077357319711324e-01,8.141241198822336544e-01
1.525493945044247568e-01,4.236075709586475391e-01,2.399505016588262263e-01,1.262721486698607232e-01,5.080546530908255365e-01,6.118383157623706881e-01,3.592119650992638968e-01,6.799874054779937449e-01,3.104768720954331207e-01,6.670249553855143176e-01,4.611030188189085832e-01,3.171700341118570687e-01,7.901484672212180094e-01,4.188820152689609611e-01,7.967156967298010262e-01,3.678871396024757101e-01,1.587447942497214881e-01,5.540485729186682695e-01,4.852993962191291533e-01
4.347509129394329652e-01,-1.696013526093677615e-01,3.349924126862218188e-01,5.503819646975425250e-01,1.038254749833582846e-01,3.772411882940736039e-01,7.122985193052157049e-01,1.080677879570618227e+00,4.350471088565792677e-01,5.191098098506412573e-01,-1.557593035295742542e-02,9.070637940895215356e-01,3.553931843698927839e-02,3.040696568818193612e-01,6.700204892249916888e-02,2.019529245604603784e-01,7.494955989453632172e-01,4.072824335705778065e-01,3.141283196988304272e-01
-1.624904388831944491e-01,5.010049240945499971e-01,7.875539101092404737e-01,6.888219961556795168e-01,6.053153840316837231e-01,-9.851879999365777130e-02,1.829020026365873741e-01,9.922436357856245781e-01,8.563725838875761998e-01,3.028578341129976037e-01,1.298518157468591783e+00,9.691260899404179341e-01,9.791069760356563290e-02,3.961090513575619698e-01,-5.302806351662286283e-02,4.444139505120393019e-01,2.391253554102164836e-01,8.633794956591837044e-01,1.860698377230939338e-01
5.540428894257581893e-01,-8.194063293669135994e-01,3.522775039928874308e-01,9.198314400625081655e-01,3.523084332368852656e-01,-3.192328112157983844e-01,3.937157544317648750e-01,8.717666098234273520e-01,7.109591189359462104e-01,-2.895175489340085298e-02,5.932349241457722799e-01,8.561526172886243513e-01,7.067946984676634070e-01,9.393276624714012035e-01,6.502792677480123684e-02,8.327251516511343654e-01,1.394774265467693397e-01,2.549319972444636928e-01,7.454100337925454456e-01
5.107514894654851395e-02,5.706034252406364526e-01,6.400654297472434529e-01,8.213086304980716790e-01,4.335347466525006910e-01,4.623651097391933695e-01,3.820623831773453105e-01,2.333702260591349886e-01,3.523644434132854886e-01,8.971251343325414851e-01,6.245188245691942752e-01,1.710874743595195702e-01,6.302424828607506857e-01,3.329983888895476918e-01,3.327397126437449670e-01,8.131141253381649614e-01,5.770020993007819454e-01,2.499826224954430076e-01,6.753961342210565988e-01
2.857423316492924692e-01,8.074374926058001112e-01,4.641613809977003235e-01,3.326054507129908022e-01,2.226733290342158555e-01,4.376748546543692275e-01,2.754491563854764569e-01,2.298354671305575525e-01,2.570993323327498969e-01,5.785250412933596875e-01,1.151039245952599765e+00,7.807513495945802573e-01,-1.136250177200946732e-01,4.588536113217294710e-01,6.448234370565421036e-01,2.053580901515080770e-01,4.877353653819062052e-01,-4.038070704951188944e-02,-1.836432546182079073e-01
1.196780476950975031e-01,2.298767247757867727e-01,5.439550652906757211e-01,1.937739702797102448e-01,2.651294287910485048e-01,1.857812991912494716e-01,2.384827865436934813e-01,7.978747691076081283e-01,2.203409292678922549e-01,8.236802314031720362e-01,3.295250660545486765e-01,7.183238498461288479e-01,5.676228141096288926e-01,2.132177518272584116e-01,9.186694466040096207e-01,4.115173330754256509e-01,8.748376525549899085e-01,2.067415856653664619e-01,2.688079239445458901e-01
3.485368123707117682e-01,5.173897916318271895e-01,1.205939214127421666e-01,6.536744749071388139e-01,6.437256144451517503e-01,1.072674753847710216e-01,5.656131104674912979e-01,8.501609226801025709e-01,-3.046931976697321853e-01,7.655071402817756887e-01,1.515967473185979471e-02,4.270777322833450573e-01,7.533462167425248879e-01,2.402233058216082240e-01,5.945284096851101152e-01,3.745340325916546864e-01,2.487389373490976607e-01,5.393852268898298163e-01,1.127542930611755256e+00
4.443693537627337875e-01,2.412363500690382079e-01,-1.708598621751747093e-01,6.320917207004846938e-01,1.142601699185620046e+00,1.030172664086034390e-01,7.791224890120330704e-01,3.978621937155782939e-01,-2.143064021653673934e-01,4.023653624064138512e-01,4.331697824382373385e-01,3.115068725731885979e-01,7.463471741079865662e-01,8.714320731759700456e-01,2.789852530881936632e-01,7.442178582791554309e-01,1.777165528670673206e-02,2.162780480427646812e-01,-9.494730588145693442e-03
1.108000666919512378e+00,1.595939786415792871e-01,3.605092799808037318e-01,7.263116075767557245e-01,3.769382803944298366e-01,3.226153961312512308e-01,7.163834539579966429e-04,4.323789064415507477e-01,5.787168478994911824e-01,8.287398449814269430e-01,4.037567169767868336e-01,3.420475028423613506e-01,7.366673181469616249e-01,2.645056926544996356e-01,4.920209809003865398e-01,7.709344711450087928e-01,5.136515763714838423e-01,1.088353497015684512e+00,1.554969870099260632e-01
4.399072685345883915e-01,8.168925549423891042e-01,7.589442431475947881e-01,1.422429858765500987e-01,2.730215862210681049e-02,8.512377886438311503e-01,1.814098788725849454e-01,5.733880948722059889e-01,8.627527960595120504e-01,5.042082190059923308e-01,7.091877791494650696e-01,4.024873172612660754e-01,4.461617128415107381e-01,5.368765815658557150e-01,6.799832799931911920e-01,5.956743615744805043e-01,2.273194620073451244e-01,1.059587174007510901e+00,3.237465424970246142e-01
1.122994721513279198e-01,6.891606605792727214e-01,3.852359795425420175e-01,6.067643417949682982e-01,2.791002014508727758e-01,6.701838998668501191e-01,3.160875612243335686e-01,3.030837816274456475e-01,2.250089085665220034e-01,7.770556769289812538e-01,4.577593479610090887e-01,1.103337419049959855e+00,2.271529760225708683e-02,6.696258902611371688e-01,1.027692198875480356e+00,2.441544220738580684e-01,6.688282566306019694e-01,3.638960387098488791e-01,-1.180225620584354207e-01
-4.141118474193636323e-01,7.466306070860314614e-01,-7.198128897451319119e-01,6.603782923110231851e-01,-1.089168610265608544e-01,4.715063143787540101e-01,5.527448957503214855e-01,1.048049294921833408e+00,1.950960625824345318e-01,3.423363871506541201e-01,-1.582809570252390330e-01,6.421782735535829234e-01,-1.572969048481425713e-01,9.278898340556416269e-01,2.350060172040866757e-01,6.623333827496439286e-01,5.408807459844761079e-01,3.177483813068245344e-01,5.550944193415866534e-01
7.185803277781538378e-01,7.371230082883138968e-01,1.915797146714481314e-01,2.099949882520091571e-01,5.031952196423702395e-01,4.544262738662742662e-01,2.780413313863350222e-01,1.752642247359760819e-01,9.069680430247875624e-02,5.343697964284518376e-01,8.991745921396913088e-01,4.954056628612306667e-01,8.728018930435303968e-01,4.050311487684065126e-01,4.448421336659979380e-02,3.209032368709497374e-01,-5.615239549332789321e-02,7.346942032909627163e-02,-9.607572739501671899e-01
6.649872301214956871e-02,4.840062959598764869e-01,6.640879763839848682e-01,9.234721564193555388e-01,6.501025043165274964e-01,2.121001901820943336e-01,3.659813280189481710e-01,6.842952996000498667e-01,7.154817864839571606e-02,7.707252145578030733e-01,1.249132588033763092e-01,-1.391100322794212585e-01,6.823449162867988305e-01,7.025037945798996430e-01,2.431175321887706631e-01,7.187622008151777209e-01,2.013463530235106991e-01,8.111617315247622306e-01,2.858433822348904751e-01
4.754294974971355336e-01,5.252682461414333037e-01,5.689178831802579328e-01,6.769279836016699470e-01,-9.516044957045452501e-02,3.216385040251030225e-01,1.640808981482887452e-01,3.732709035570788703e-01,3.284980367537839174e-01,3.542054702150344569e-01,2.109507486419685829e-01,6.960500362087472803e-01,2.819693765226152782e-01,5.953464929197460620e-01,5.603693943156982105e-01,4.674766007352029185e-01,9.781182286864709141e-01,7.944669383688517383e-01,6.597907213673512850e-01
3.559606912754798014e-01,1.411307623651184562e-01,5.405568272357853532e-01,4.205575231041039364e-01,3.632691845620801274e-01,7.918090911995538939e-01,4.352621644834348547e-01,5.742776564102876069e-01,1.688093955348919373e-01,8.091840802441968572e-01,3.890873257072832714e-02,3.958908087308983248e-01,1.234392944916556045e+00,1.022537934540717064e+00,1.785268344840761079e-01,3.225462935497955264e-01,5.965712436221026760e-01,2.430634512266519331e-01,6.591784998984803190e-01
-1.128389934999956407e-01,8.861745976746265852e-01,5.242386039097824968e-01,1.158713471900157804e-01,2.529666490629565723e-01,2.287680787129441895e-01,5.682022707202183387e-01,1.108927158587415390e-01,7.782912641689945232e-01,2.288394292274875397e-01,4.261598625681055075e-01,6.439422237860080722e-01,2.263989094003253100e-01,8.367616653382919933e-01,1.150382286412549471e+00,4.659629217121925571e-01,3.223588783069576968e-01,1.022897096914599180e+00,1.114034644768948784e-01
3.795872338106285881e-01,4.697721162020263574e-01,1.920065086142141997e-01,8.423337080529826881e-01,7.328871119692038638e-01,-1.964163626260557738e-01,3.427771071630826838e-01,-9.850362194577927388e-02,9.942444994236523392e-01,1.617332667549287450e-01,-1.268834336456527156e-01,5.264788184815394345e-01,6.597612806245096717e-01,7.190978850570092229e-01,3.358803019026916914e-01,5.944921888593249770e-01,5.212437622073975430e-01,6.286259053998339841e-01,1.391040976790820782e-01
7.759314689874895199e-02,5.644479624854078503e-01,6.795616874639378580e-01,8.425636670726988076e-01,9.294265629456914812e-01,8.179393368591174329e-02,7.497162553329630441e-01,4.584990809355331542e-01,4.305384084530017308e-01,2.880202694645618844e-01,5.004134748653465969e-01,7.670214001282781302e-01,2.482248171779292412e-01,1.261458499114086196e-01,-4.570054461640843391e-02,5.498067097390166857e-01,4.144101708670265283e-01,4.271794362869869022e-01,2.278818774495527666e-01
7.637428776918803175e-01,-2.687598766974041986e-01,-6.800145053741230017e-01,2.972770297593609889e-01,3.370852476467943171e-01,4.526126864109086267e-01,8.803539230700964113e-01,6.300658431444201568e-01,4.582969344895766739e-02,2.703552995918019897e-01,1.173458996691787715e-01,6.938423620492873978e-01,2.465207722453775785e-01,1.112803216518030158e+00,3.746435178581764558e-01,6.162223811344967883e-01,2.859042260953005843e-01,4.856462604107955605e-01,9.254679762190631820e-01
4.263798196432506959e-02,2.680386389546653425e-01,6.984763752551969018e-01,5.275969281574903746e-01,5.853866666908597027e-01,7.969917270639738094e-01,1.804343377198828480e-01,1.067024345130181268e-01,-3.805038162943369384e-02,4.203135990193603844e-01,3.546404828316075397e-01,9.043767696131217448e-01,3.413091682886504885e-01,4.072876637688974122e-01,1.812103887952510040e-01,2.354060434253668621e-01,4.507559162594863000e-01,4.468503045961392806e-01,4.071252193195101787e-01
5.197669087284423339e-01,6.622293431125104712e-01,7.644994153200284082e-01,5.883740156829819767e-01,5.783013102611741507e-01,3.296960610136656089e-01,3.050053959893874941e-02,8.930569484011079417e-01,-2.842485454304815445e-02,3.190003091725277518e-01,5.747595333626936975e-01,9.522072143733352201e-01,-2.478586757180823164e-01,2.869038869327001917e-01,-6.109045924826193852e-02,7.125332672489845809e-01,3.731502743626810559e-01,8.323716243795939995e-01,2.525868586094569546e-01
1.035052357277236323e+00,-1.355726355074383660e-01,1.350829110194278482e-01,-4.499716000294954332e-01,-1.240380915303267301e-01,2.833352238972550730e-01,9.350244003761967182e-01,9.943593848601817164e-02,4.715862781277834204e-01,2.180776404606599161e-01,1.079260579166297696e+00,-3.222775937537813995e-01,4.449718774154356460e-01,3.850870560308756185e-01,6.752701144938019207e-01,8.100312215216943779e-01,5.320154468276431237e-01,7.672546823089393397e-01,8.167982103931992199e-01
3.422374444914085823e-01,-7.472994156911132169e-02,6.935749877847595668e-01,6.639654337071504431e-01,7.571859882793595675e-01,9.916900861445022697e-01,4.573885585476392679e-01,-2.851278001784828264e-01,9.437155355906907683e-01,5.383245437151891188e-01,6.143110841295856828e-01,4.151408407738869100e-01,1.425872947365078303e-01,-1.993394254475732152e-01,1.543946934254017134e-01,7.204601105827606045e-01,1.091683795642756527e+00,5.784206484222120803e-01,5.914522318729179551e-01
2.499593108593217705e-01,9.906911629083058335e-01,8.671086797847622485e-01,7.341243043680026892e-01,2.667921965598032963e-01,-2.416956456517227181e-01,1.998552279621191030e-01,5.219675437179058797e-01,1.640740519742445169e-01,1.151312180651537176e+00,2.514717001695588317e-01,4.461236310055147203e-01,2.048048314361104183e-01,4.259076851573288525e-01,2.137552263599488134e-01,5.631147652554329142e-01,4.617298765581848152e-01,5.690744535749258093e-01,3.964415871344083020e-01
6.303778010306351209e-01,-6.535107514414341401e-02,-2.534097550186734625e-04,-5.583893671977578910e-01,3.789043796100828310e-01,1.792019400060894940e-01,2.788239545030773980e-01,1.703532931720964649e-01,3.482708233805406617e-01,1.569742968549639739e-01,8.403211348507753087e-01,-8.654706920110716295e-02,4.469949139058845833e-01,1.542132983892516018e-01,2.317566443795355535e-01,9.268443219499603591e-01,7.098064374747619087e-01,1.038581192296741951e-01,1.021403540700264623e+00
7.218385323294094214e-01,1.146684908720098983e+00,4.535635154727293838e-01,2.541319950974621489e-02,6.885654177464423098e-01,5.692860135063041449e-01,-1.298687712593922794e-01,3.680116097756905291e-01,3.103047021662616589e-01,6.584802748880853596e-01,1.451407579302952666e-01,6.732023927142076758e-01,-1.181084219467337382e-01,8.330303504694860361e-01,3.119001827597920329e-01,9.508303752551985344e-01,-1.341422866499654143e-01,3.512730323310847558e-01,3.846720551991447135e-01
2.187877524519622752e-01,7.385806874822368195e-01,1.184193011735484441e-01,-3.214928228050418363e-02,5.971465966224387412e-01,-3.519710965295198921e-03,6.048572012398929498e-01,3.568662106687112701e-01,4.649054698377105277e-01,1.298948201516763323e-01,4.235874984522785547e-01,3.359728706704450119e-01,6.579219429222520343e-01,7.810862507876926708e-01,3.790211035257257666e-01,4.794374875276531944e-01,4.290525266167381085e-02,8.453249607823350997e-01,5.498113448924103752e-02
4.285369390469634387e-01,4.101800739017870123e-01,1.076178338673038359e+00,2.527863158041135927e-01,4.773981728228199328e-01,1.569084054732656219e-01,7.965895094814081645e-01,2.510870323455225983e-01,4.993099772447671114e-01,7.365240279436685578e-01,6.571397092832772513e-01,5.523433147985162828e-01,3.957506824521522804e-01,7.147718679821211119e-01,4.623603616658029658e-01,-3.156949497650035075e-01,4.705515128376462353e-01,4.950563833873947162e-01,5.859160997404841975e-01
3.368485374476911653e-01,2.556207291707426887e-01,6.262969974898531245e-01,1.765132022402154943e-01,6.461369056871619776e-01,1.025563001999814094e+00,1.251664435353275484e-01,8.665727247529522170e-01,5.365482584492402562e-01,5.217186495936290136e-01,4.736720724471542021e-01,1.011483709748925430e-01,-6.081579598310441273e-03,2.192207731143201721e-01,8.472003214346729427e-01,7.547840479333607355e-01,4.729532758337330889e-01,8.008049034371174102e-01,6.176961329420964653e-01
1.240248847019669309e-01,5.436883437562941568e-01,5.958735608377067061e-01,5.926389560037795823e-01,7.059076139565725327e-01,3.889776008205848151e-02,7.013255805472128346e-01,5.441284385149525171e-01,2.540689818689442214e-01,7.396789637020683150e-01,5.371952707091766088e-01,1.812169410897007948e-01,-5.364009082845107822e-03,7.677549264615329827e-01,1.844282653809554695e-01,4.179769539472597550e-01,6.989415009911184029e-01,7.246494414217342916e-02,2.955109279315367155e-01
1.707032111851330136e-01,1.390241773488808674e-01,7.482541148555085231e-01,5.244808711034681936e-01,4.030116841735801314e-01,3.407382608909249044e-01,5.559913991512756004e-01,2.139725388479960522e-01,5.773032886734060787e-01,-7.393418386140777898e-02,5.958482531111459757e-01,2.205933961983575498e-01,5.819824957857235859e-01,2.634039769592340097e-01,6.235029277824815086e-01,1.389373282187644776e-01,2.565916450981114427e-01,4.830659582518427864e-01,4.000689497180410226e-01
9.961113637026715040e-01,-5.988008707923277163e-02,7.814637702505076167e-01,5.989135899349975478e-01,2.307761878502550268e-01,-2.080738628065563756e-01,1.330506209373437942e-01,9.776678381439334320e-01,2.177920401403956319e-01,5.143333547878146117e-01,3.816736904697854427e-01,4.354067100314910621e-01,2.498030548354459868e-01,9.060386318957834861e-01,1.007230858250340200e+00,6.301914637119205853e-01,5.293991479247326382e-01,3.242281642303900813e-01,4.539041765222152636e-01
-5.925146146386173207e-01,8.601759136152897778e-01,1.592022241340546040e-01,1.029157892121390194e+00,9.998459529543175517e-01,7.353686352219919176e-01,4.652286145552613217e-01,-8.882438277719402475e-02,4.682409454565759077e-01,4.170611760743085927e-01,8.176319047521599659e-01,7.595096333638138297e-01,3.597983750652414270e-01,5.881357578061053859e-01,6.535524960399263783e-01,4.529967964681846926e-01,-3.085194271717781045e-01,3.200104797599082063e-01,-2.038767761223780894e-01
1.858628895094616429e-01,2.422291154482995867e-01,2.578668363053824297e-01,2.757831689907586648e-01,9.645996085573333989e-01,9.761257777132460456e-01,3.387491272195594649e-01,5.229743671719134790e-01,8.600675005601959855e-01,4.157411078402367122e-01,7.028091298134707676e-01,4.099364613984759487e-01,6.527544569035237387e-01,7.790778726026695855e-01,4.993661278522018021e-01,-4.397585794138834936e-02,5.927681833648693610e-01,4.206396440960974425e-01,1.121739821545929106e+00
2.529594017943744833e-01,4.125138526967254138e-01,5.111672946600969158e-01,5.624455234907673740e-01,5.435769313627322186e-01,3.907390762114145710e-01,6.054602569101970033e-01,4.296298693413322378e-01,-4.423155488399228563e-01,-3.058817058037010539e-01,7.787947734644088404e-01,3.219695024838834518e-01,2.542226934813953121e-01,6.069406965061648895e-01,-3.052442474280309126e-01,5.400695864250489864e-01,1.040259763007648219e+00,1.352344456280306861e+00,4.746181999852399636e-01
1.542610749948422899e-01,3.867505117571512496e-01,5.676825177010310641e-01,5.976961192547968205e-01,1.132500474758500603e-01,5.299569699663689848e-01,1.712123231412144564e-01,9.401880373803206403e-01,4.015588861382275027e-02,7.715732934455633574e-01,7.208949574256354742e-01,1.626685351002609969e-01,3.622452260254098722e-01,4.911747946720592117e-01,3.313620590136696076e-01,7.602179407743376860e-01,7.926533178201229379e-01,5.724404663735578325e-01,-2.697085394833608762e-01
3.889242937385989918e-01,4.287658987634584418e-01,6.694327913968568522e-01,3.253656167257883980e-01,5.918433681788707323e-01,7.590973489182873957e-01,4.291047672194063800e-01,2.000124142056156906e-01,3.304713568743091190e-01,3.784129684667149607e-01,9.780264217152735418e-01,3.017447100927204695e-01,1.209374317072860139e+00,5.550629675054494783e-01,6.000209637089762849e-01,2.743756890007367222e-01,4.799975701973139414e-02,4.693175274223052029e-01,8.331890718199896906e-01
3.733814484896316177e-01,3.051484627635316360e-01,5.198419659056469078e-01,4.814865238441774498e-01,-5.627013892359141595e-02,1.731778057502734725e-01,7.266813909912037683e-01,6.360158400069495510e-01,4.135757586471415226e-01,6.255484468434902023e-01,1.749805336040840265e-01,2.684270456933025017e-01,6.053185893697844433e-01,3.618360595743294258e-03,3.941963363558763644e-01,6.098394332725531886e-01,5.503727056404718043e-01,2.319201146695281379e-01,4.446473819698739671e-01
5.300720384969535015e-01,6.414153723540334529e-01,-6.914744211738552693e-01,5.421743028298526834e-01,5.966270179335255719e-01,5.521058927949278328e-01,3.886692061227070560e-01,3.909599539926857381e-01,-7.740912406731088879e-02,4.615351728216047777e-01,6.112477151756886551e-01,7.253772625642786187e-02,1.740739406334440020e-01,3.951904111504196404e-01,4.405340660017859067e-01,1.756586400024090500e-01,3.772352092678209479e-01,2.149411378150815621e-01,-3.241455552018760455e-01
-2.960301262760284824e-01,5.287743807773628291e-01,1.092968489346124450e+00,5.139491521871903945e-01,-4.797704847961551528e-02,7.710545273447688697e-01,-8.389415981570275474e-03,4.631037162955894404e-01,2.368626833964344036e-01,3.968976025137508912e-01,6.914820441591598144e-01,-5.618058922911785963e-02,-4.835368410102303116e-01,6.080028536135682060e-01,7.523620049370219887e-01,1.097779784724171259e+00,-7.130077221387592923e-02,-3.393591600735196834e-01,2.524743295856864966e-01
5.653137034693147545e-01,9.130104380788943430e-02,6.739840111335272388e-01,4.941280792172498826e-01,-5.714680774944130848e-02,1.918344177540935724e-01,2.596267303551593186e-01,5.083388084308886334e-01,-2.930986440307052909e-01,8.668115660191823002e-01,7.166455293818160266e-01,1.055046387883269876e+00,-1.922678436210114861e-01,7.851878343871407928e-01,1.004740287345928795e+00,8.161878046158612676e-01,3.465348350863325377e-01,5.953444279720191412e-01,3.234198508768808544e-01
-4.096701588666889007e-03,5.526357671676452865e-01,-1.378339865887414639e-01,3.918426442091035300e-01,2.149334037605102332e-01,4.675560364550614967e-01,1.002541768775843778e+00,7.243345667536935650e-01,4.536376014110026778e-01,7.915954359494953296e-01,3.390594932299504927e-01,3.646358844891467443e-01,6.596290981177813650e-01,7.448259570721526002e-01,-4.099000526293811869e-02,5.786033108466689390e-01,2.334160805679541817e-01,2.956883960669865474e-01,8.778751759903035135e-01
2.014640419271939153e-01,5.104253730302571457e-01,5.078433594739889534e-01,4.074305111893714582e-01,5.014309281697112430e-01,1.677997404807542448e-01,9.063698119206821113e-01,6.645857318252473833e-02,7.708434321138506184e-02,3.632825631235696018e-01,2.431105492478100594e-01,6.170361089797397058e-01,6.219097912318678478e-01,4.068856127245467635e-01,2.218653476300513627e-01,-2.383505318778301185e-01,7.090932080744599686e-01,9.740192073043908438e-01,3.860577197181410125e-01
1.506573911049738368e-01,5.492951258386480351e-01,2.118446730106645082e-01,8.926533443338453833e-02,4.687533122907744376e-01,6.748918318923976534e-01,5.013519186321333532e-01,5.290950743489581942e-01,4.609803999660585516e-01,2.998456944281491232e-01,4.860364553730822657e-01,1.336316779997887561e-01,1.433077058110256707e-01,9.999418411182863231e-01,6.294579043913852701e-01,3.242560517901064698e-01,3.366799629965257501e-01,-1.820950995807515127e-01,2.485936363303943852e-01
9.533548618236062921e-01,7.216391558700427922e-01,3.821343835043034542e-01,7.700400857025124779e-02,4.333997028856350631e-01,6.068759095297967532e-01,4.657781283910730763e-01,6.548336189621527526e-01,5.715620679791658665e-01,7.752061043325370049e-01,2.784029603116831009e-01,7.793682179188775594e-01,4.211260806784449251e-01,4.075503094562410444e-01,3.060177359153912896e-02,4.490469788676346163e-01,5.612848324872208305e-01,3.040867161231069482e-01,3.019082894794132832e-01
1.094163001287031145e+00,1.099807768697460414e-01,2.165476643784885469e-01,2.435263318914940023e-01,7.250670722761555220e-01,-3.574987668098370541e-01,2.357380080542195167e-01,5.249338931187134127e-01,6.096594278550604429e-01,3.953250741608129171e-01,7.843919339125349222e-01,5.274105977975410697e-01,6.721701324609307138e-01,3.383687957062135321e-01,7.614936589500582720e-01,-1.170992346216737784e-01,3.014270160553801370e-01,4.530622021979263669e-01,-1.923286874924872991e-01
5.283581814837174928e-01,3.820747149410788635e-01,6.421366636996808097e-01,3.614191043553590110e-01,3.914801136511358859e-01,2.923905929061262898e-01,6.486657290493312855e-01,-4.760038725660380998e-01,1.731028387804661173e-01,4.637896681067106841e-01,6.564290484081125587e-01,4.837821599165087472e-01,5.789887759264399358e-01,3.018366123646823995e-01,8.446180917017621637e-01,-5.607798444328702114e-01,8.703952860932800961e-01,8.271310016294637357e-01,4.968816033818497790e-01
3.379884780180487103e-01,-1.288008338481186621e-01,1.092365120117036875e-01,5.472366288511328891e-01,5.218096030120440432e-01,7.827895419723898129e-01,4.619188306635658159e-01,1.829252615594059994e-01,-5.642040858528550862e-01,3.274339251561268482e-01,9.383087161626745276e-01,4.173916925954144763e-01,8.837574778717325330e-01,3.443421025771494642e-02,1.204252426141542598e+00,2.292284692217239073e-01,8.677102884755082401e-01,1.136875859431824287e-01,2.766753454351427166e-01
1.374932176062842737e-01,5.479760417056511734e-01,3.399135450326918884e-01,9.957689837748328054e-01,2.072779864104885850e-01,-5.076403857771604189e-01,5.862748496361048778e-01,5.371707980646588387e-01,1.703933986545348445e-01,4.480639953703702827e-01,6.573551217011882608e-01,8.621868797482217239e-01,6.857465062733550942e-01,1.726494545289828653e-01,8.301853125389220267e-01,2.332712898663841794e-01,4.065450275256237145e-01,3.715017938935041286e-01,8.787689426089950739e-01
-4.988572720254467185e-01,5.366812968306774456e-01,9.498479294976686083e-01,3.460530691686735660e-01,2.217339137563135165e-01,2.648843630652861769e-01,3.249149185410761809e-01,4.377692513175752143e-01,3.451241600205792737e-01,7.261591419027908778e-02,1.011212839377654937e+00,-6.917213725128949775e-02,1.099383499959760702e+00,3.778404711497419521e-01,3.223977402178998530e-01,5.799678956751587178e-01,7.600644537003832246e-01,8.493632659734344781e-01,4.840587595270455790e-01
1.388671409341346863e-01,4.570401485256028740e-01,6.521950809572967245e-01,1.840471830627473382e-01,5.327655150836353437e-01,1.217605795999122664e-01,4.038151110949771416e-01,1.717348058404226108e-01,5.069333167758710568e-01,4.019689038466410236e-01,3.265315245476890227e-01,6.973662839043552886e-01,6.600977972102249902e-01,-2.635485247281789747e-02,2.121014778046289295e-01,7.204198488701595293e-01,8.575952783269944479e-01,-2.273529100223509458e-01,3.859543842841267614e-01
6.894856138259849443e-01,2.507905673719384443e-01,1.030072605400808916e+00,4.391961515897250812e-01,5.102933714772611706e-01,5.148429055391651188e-01,4.857296694978189278e-01,8.341426928686381803e-01,6.874664518506505839e-01,8.338022528317773352e-01,1.270154900240557105e-01,4.628047985307903733e-01,1.882103886575553497e-01,1.063775708747900089e-01,5.175072776166816935e-01,2.421378065234282839e-01,7.005714610366705619e-01,8.085381863915200307e-02,4.885043526046035089e-01
1.478710993960127562e-01,2.693028687673845734e-01,5.966067929015693716e-01,1.535414794532614750e-03,3.095453840557478575e-02,5.506129270281308052e-01,4.798102201448494197e-01,3.308084769109612133e-01,1.883748195763509936e-01,4.355970487664446167e-01,2.928819198675490787e-01,-1.824640408276393885e-02,7.334981970302452137e-01,6.497591117648200409e-01,5.921569685015800610e-01,6.563073322086927508e-01,4.713791975060656059e-01,4.716084101819622565e-01,8.100022617260057567e-01
3.442359926499536371e-01,8.200603501822903985e-01,3.972503686655313171e-01,2.878051024971761684e-01,6.437868366442522916e-01,2.339066540562000640e-01,6.786397225612013084e-01,6.124425950641332328e-01,3.773055928652051527e-01,-2.017102807798032971e-01,4.497540765589290168e-01,5.987388622186325948e-01,4.878694611891713495e-01,5.274558050130803144e-01,7.987128767722930789e-01,4.564224418117044935e-01,2.064390357106536400e-01,-3.725301131517056580e-02,3.590114492231348264e-01
3.758554349461400990e-01,6.432129256975930298e-01,7.139878788648632568e-01,5.825505902774574807e-01,4.272949377189524944e-01,5.093625438248337023e-01,4.750559248295805337e-01,5.670441180165324280e-01,4.066134844035962925e-01,-1.603721590302880501e-02,8.062757592420443098e-01,9.655301184772634437e-01,-5.227772784240219961e-03,-5.426405833646242780e-03,9.864895538921852891e-01,8.150768832398748442e-02,1.487301865263409573e-01,7.124375527270642161e-01,7.218571451072122724e-02
2.139042726661582183e-01,8.173309859804500643e-01,4.668526884270015609e-01,4.643358673335331033e-01,4.784080494693400687e-01,7.072030927491763652e-01,5.795229019707855977e-01,6.001401573521600863e-01,7.435808482928656371e-01,6.780192147768547839e-01,4.366008621617233909e-01,7.002302544566718634e-01,2.125252488306660914e-01,4.443337633808150944e-01,6.642336892344279375e-01,3.208802876614074706e-01,-2.203790521308141015e-01,5.882973499494738023e-01,7.069853670415903180e-01
3.056139944955741927e-01,1.380106234990002845e-01,3.080792337935395891e-02,2.513776640896545067e-01,9.441611037277309881e-01,3.029650954051911760e-01,3.650363037266026733e-01,5.241424723447789535e-01,6.809877083442493761e-01,7.242183508149219184e-01,3.831395288492376316e-01,3.297224818380304900e-01,1.447675038666965674e-01,3.740882770947220881e-01,8.047599625505903465e-01,9.603844526752702837e-02,1.628808391968221692e-01,7.107184497217773345e-01,7.348823935413925090e-01
1.553312169986113267e-01,8.513941805036724375e-01,5.019348941154575527e-01,7.237550523052415086e-01,-2.792784834144092510e-01,5.386619011694298020e-01,2.801110486147069256e-01,7.342737251235267326e-01,5.565635149720632446e-01,4.259413491133755003e-01,-4.215053043469300098e-01,7.743881885024846146e-02,3.757575440779627463e-01,4.709351956748306089e-01,1.047011565839690350e+00,4.772303190651426830e-01,1.028314106154293528e+00,2.987337622978020191e-01,1.301429933581924603e+00
6.820058834782072310e-01,3.336555341047009460e-01,6.163659356921981081e-01,3.561063026767051221e-01,1.898520136426176119e-01,6.211996105942816371e-01,3.211114583443916981e-01,9.904220363222866474e-01,6.517329250429240162e-01,3.726841748632425677e-01,5.273007107643706837e-01,-1.056356529402620141e-02,-1.217142593581743149e-01,-9.693538672116640553e-01,7.223091662344529595e-01,6.159597042088064134e-01,5.350653290963994779e-01,9.697457019139537060e-01,3.000751938672665542e-01
3.224846367623392385e-01,5.336627048804838680e-02,8.558684543386296806e-02,9.094405509451117808e-01,8.034235591944394184e-01,2.088085818751068412e-01,-1.891809931263095101e-01,8.524808768318653529e-02,2.711423006534330882e-01,4.361578028327271483e-01,-1.291423969474582434e-01,3.884553720242284736e-01,7.615383953580476817e-01,7.318785447317166515e-01,6.226765184432911937e-01,8.095218881433778879e-01,5.418770524092724195e-01,9.343001880516341173e-02,8.279575264963917602e-01
-1.827896794400236391e-01,1.072774445410116684e+00,3.288021404622691324e-01,2.833670233231557201e-01,1.068301491481234988e+00,7.222321416197839961e-01,7.249722185704761124e-01,4.842457691356067961e-01,2.911852956026169115e-01,6.289577681973018697e-01,5.085788524400627342e-01,1.755581030146532717e-01,2.742139275940327914e-01,7.142194407185847860e-01,-2.673641167307239663e-01,4.923846075383613852e-01,1.073008977867682123e+00,7.597568918868414789e-01,4.567774170101575604e-01
5.612101431375543514e-01,8.025748445141442922e-01,5.628820578915316730e-01,4.348925932157738927e-01,-1.622567312069767356e-02,8.120745447400508077e-01,7.396226970852440210e-04,4.122734739342452936e-01,6.236699790626649698e-01,8.911382781462234837e-01,-1.463113241232660011e-01,6.543653538553790838e-01,6.015745887858157115e-01,-1.690242476958280643e-02,-2.747994724779303510e-01,2.851696517990963686e-01,6.371470018962196447e-01,1.874070430687996003e-01,1.364673356375553648e-01
1.728943670571455801e-02,6.744607567405658255e-01,1.786197190557597125e-01,2.733270365816274916e-01,9.889849167203689229e-01,-1.493783882454412237e-01,8.379027012848144773e-01,1.698676470305868214e-01,1.518048504966854496e-03,7.325279810781232248e-01,7.196710742913318137e-01,4.384009609728172774e-01,3.663152229417079853e-01,-2.422993512155226514e-01,7.389494023409721724e-01,5.431773959312723443e-01,1.026302391410601311e+00,-3.140114724221610421e-01,3.736344971333472875e-01
3.455973820839179367e-01,1.503654921204239103e-01,2.868863827726040872e-01,3.755415736851425157e-01,2.858155448054384151e-01,4.084298305286520603e-01,3.677576622180646071e-01,7.140246888560187744e-01,3.472613683884528957e-01,6.105850219775357246e-01,5.346668590717672531e-01,-8.451368973403584894e-02,3.781592951371434697e-01,6.313988859003004661e-01,1.013319237131819900e-01,4.078499164920834641e-01,4.469375530555321774e-01,7.698735887990496574e-01,2.394017333946621418e-01
5.763488026588684532e-01,5.923127841826677509e-01,5.036214541981448578e-01,2.855938654518695441e-01,1.487742032028556427e-01,1.582335851582835073e-01,5.035270081521076024e-01,3.797032584335869321e-01,1.633300733353389711e-01,6.720482896952181262e-01,7.017880864358423398e-01,1.012565418961037800e+00,7.826206873257284258e-01,-1.248845446108538398e-01,-5.353696723186345680e-02,2.497903607872902498e-01,1.528981085497700676e-01,2.870755920711003939e-01,7.495981927661029554e-01
3.603734250420905227e-01,8.441052935053109385e-01,1.010615657957810165e-01,3.573134521923389539e-01,6.390648991860220507e-01,8.699658338237202804e-01,7.377767258034706455e-01,5.076883229204625092e-01,2.214551720611321328e-01,2.849394022340812627e-01,6.795250911393782012e-01,-1.671293218032829375e-01,6.472142344373521539e-01,2.835176489162267721e-01,5.135623128596746856e-01,9.317683248973392951e-01,5.146610454022733094e-01,-2.209160592801547585e-01,6.765806976840018638e-01
4.706779059938536736e-01,2.909469041395347788e-01,5.323833751806135162e-01,1.660295149522270919e-01,3.733740640747031381e-01,6.363812522323537557e-01,6.462614654751277499e-01,2.573962616808326831e-01,3.414133849690066391e-01,1.997982901904208630e-01,3.230211677607195409e-01,8.047623541338231323e-01,7.087078335963383768e-01,5.134759750458671723e-01,5.728963864954772500e-01,8.228692226455744940e-01,5.312933312040120093e-01,3.075509665904070933e-01,8.026605299606717203e-01
3.809610792809685620e-01,4.832330733451809524e-01,2.116197208385710848e-01,1.125305285517415266e+00,-1.847637149327770179e-01,5.224682397522083521e-01,6.595773565366629398e-01,2.839219580275403332e-01,2.847591811374453608e-01,9.138672670481646776e-01,2.128933215897442499e-01,4.038491256774702221e-01,2.560694083520264064e-01,3.776399578021176762e-01,6.345114740707501477e-01,-2.979287345930886621e-01,8.557531962653488478e-01,-1.713215533703307814e-03,-1.370721738054447025e-01
3.552642938934453820e-01,1.137389034129564491e+00,3.827139767979720331e-01,4.551181181133792109e-01,3.314164585509890570e-01,5.514064275673784543e-01,-2.952191411361449955e-02,7.327292151091546746e-01,-9.646106930757679665e-01,8.739487597181708756e-01,4.331600619337466207e-01,2.170276364612321041e-01,-4.306647332168974524e-02,4.971098543147628446e-01,5.302755872903802681e-01,5.011788209498835300e-01,4.650817826156509738e-01,4.420785960122882163e-01,5.133791864600890653e-01
6.124103314375047846e-01,5.780026024577166188e-01,2.343065868306945243e-01,5.019039941727189147e-01,9.420920081138391966e-01,2.325091151043083282e-01,6.495394520308441777e-01,4.311884564786391816e-01,7.015066813530362877e-01,5.500792650730969013e-01,1.026216372573067304e+00,4.492060672187055403e-01,1.189241330652678785e+00,3.404446934818924908e-01,7.172461333401944916e-01,6.920269415413519976e-02,1.745466462661553753e-01,9.725422119809178367e-01,4.155460378931892795e-01
5.547714827023512152e-01,6.232187685844112757e-01,5.922998884217816062e-01,8.716345608459091787e-01,1.231991896772070827e-01,5.495806514959393763e-01,3.694009344333030187e-01,4.720236987708693877e-02,5.833249124054927792e-01,-2.427562358614677729e-01,5.644557780230348154e-01,5.071970022899563446e-01,5.870871857916580838e-01,3.062176425895654086e-01,5.351704069957093912e-01,5.009419220774629089e-01,7.844690443136201896e-01,7.231756988999383795e-01,3.925554561272662224e-01
2.219550031701669202e-01,5.665953104564726006e-01,4.289957738317249913e-01,8.624438427482142289e-02,6.604066883997813941e-02,3.204925689530794819e-01,4.508483514680390325e-01,4.154046986226886395e-01,8.024799012508554430e-01,1.055569018824928262e+00,9.988388624337417587e-01,6.453006712718508675e-01,6.804623818823603010e-01,6.268931964356524444e-01,6.209227267609827017e-01,-5.621516029222817235e-02,-8.735330513989227885e-01,-1.586060633277117105e-01,6.867802478013070866e-01
5.880118041878294038e-02,6.058992284227927572e-01,6.993731004182005551e-01,7.128578194681075564e-01,1.658802225129856200e-01,1.001026189554981016e+00,2.363283925085578052e-01,3.848954230561089235e-02,2.446698501129056513e-01,3.853486721789481373e-01,4.168935544995953646e-01,1.082889804528000433e+00,4.272312814998220909e-01,6.459522925996069587e-01,8.047693576257657355e-01,-2.803308138368184044e-01,2.698693222758770105e-01,4.102806246980785776e-01,4.789329813185473905e-01
5.206488780235087876e-01,3.473111789800552018e-01,3.263336703903912395e-01,-1.221460261481400966e+00,8.819755356534314528e-02,2.395521229979752087e-01,5.841372526153700839e-01,8.101682511163248446e-01,7.732901680598116556e-01,7.599949633991510689e-01,2.406701790047371670e-01,2.482971729800265426e-01,7.729884331093882510e-01,6.262463781939675567e-01,1.583058044665363595e-01,3.421043333521186502e-01,6.836928384214735477e-01,2.955728256162709067e-01,-4.525284286109614307e-01
1.682555864074144203e-01,5.016613019712680144e-01,4.031400571796078247e-01,5.444438033638696051e-02,-3.092387414305578820e-03,-1.028679193675177683e-02,9.537915160770751299e-01,2.904026300312495534e-01,-1.041123835570534478e-01,2.757450285207400653e-01,3.770060886589986504e-01,1.513817811375133826e-01,5.954419847084895245e-01,9.049242910056896072e-01,7.090857311067509938e-01,5.390488525870745784e-01,3.117162126120234800e-01,6.151043587222088105e-01,6.559334385010491264e-01
4.776594863590789553e-01,2.109334439157515284e-01,2.840314682709712546e-01,5.424889136023239855e-01,2.959913234542894678e-01,3.936460635687655252e-01,4.181186149462773893e-01,6.902370885092620201e-01,5.182911187325708324e-01,2.492508056352332746e-01,7.194309047135247770e-01,6.532500867737220940e-01,1.785291714181055089e-01,3.641981925736594849e-01,4.791157564258136103e-01,7.313343745632615578e-01,3.880961396625829396e-01,4.236685684197611379e-01,5.388540473917874385e-01
-1.876194814666550525e-01,2.659915621546867226e-01,7.715177616778148284e-01,-1.339802728165312602e-02,3.353247365552188275e-01,6.472052671671993940e-01,5.048128744805607804e-01,9.181834375936713810e-01,1.561978404496038586e-01,-3.147834171620280674e-01,4.369609498126378888e-01,-3.075478335937099073e-01,4.998924795211210914e-01,8.236694728456336323e-01,-6.318879259294057915e-01,1.003644677362174331e+00,4.678045910799780716e-01,-5.944219561878919533e-01,3.537082366042882398e-01
2.437680205192007121e-01,9.206240128142388901e-01,3.276483759142737595e-01,4.069348302010880603e-01,2.839040825752280339e-01,5.972745620945574263e-01,5.639384408998276976e-01,7.249611079221165433e-01,5.855052846644133169e-01,2.023002605603075321e-01,4.148737514708397689e-01,1.170351044194702927e-01,5.448042239566464051e-01,5.765079314377600378e-02,5.356290894526226642e-01,1.609700469799615341e-01,7.064679068905421744e-01,2.130061350196485459e-01,1.194495111071793708e-01
7.697587311562873458e-01,-2.381937349809720161e-01,-5.729977891749747920e-01,3.665482558624502674e-01,5.517706048677000208e-01,1.028655665152199417e+00,5.874714086750366659e-01,1.019522735172056355e-01,-4.452180818061842182e-01,6.470470439453887002e-01,1.664827033145113988e-01,9.456766893550145880e-01,-6.292687857206320512e-01,3.661886270314124170e-01,8.709321732040132824e-01,6.792066755550590917e-01,-2.225930537974470380e-01,8.758422923305924090e-01,4.609269984084533034e-01
2.738584925771644363e-01,7.199132305865202364e-01,3.605037585491360774e-01,1.045002653125533865e+00,1.968254792125551933e-01,6.398195132017470144e-01,4.345688749446849353e-01,8.427948419794396850e-02,2.917263174546768645e-01,4.727870487360779639e-01,3.675921362863480146e-01,1.233244908612424751e-01,3.379442956132816533e-02,7.567375679708246983e-01,9.416946669453489793e-01,2.146467352251174576e-01,3.170488312235290596e-01,6.271945501678093393e-01,7.198619351656994070e-01
5.583051729428970544e-01,6.638084320114074899e-01,9.925469465340050479e-02,4.832950420382514101e-01,3.256927314370555021e-02,5.724304851455813692e-01,6.443350493862833872e-01,5.581290294245400130e-01,1.170205784663871096e-01,2.035133710364269155e-01,6.741420729104755649e-01,4.849901112018702998e-01,6.877031407414369024e-01,3.482811997929949888e-01,5.885357784486018318e-01,4.389542920743613741e-01,1.034484773082653852e+00,1.944985424561180842e-01,6.145154015345634102e-01
5.152225109663970820e-02,4.066273472486837681e-01,1.723338277227920989e-01,1.027612907283023347e+00,4.347444532788600768e-01,2.024607100859639464e-01,1.001832730191100307e+00,4.726938660040123641e-01,8.232303708724152402e-01,1.158666301190346637e+00,3.954663477317338360e-01,5.999145568555619423e-01,-9.191941441013110059e-02,1.630770281588738713e-01,3.337804979167969810e-01,-4.391268806291810378e-01,-1.503746232016051065e-01,1.160254801964585747e+00,6.711773209372086380e-02
6.221273174237991199e-01,4.422002501504489480e-01,3.227086948796227817e-01,8.836815086846748768e-01,-5.643613053288250997e-02,3.467870335072968935e-01,9.504491264264930406e-01,6.347815381948592739e-01,3.164738147373017396e-01,6.915971962054433542e-01,2.860416345941041993e-01,1.663989143559676254e-01,1.798131181584402757e-02,3.958695660976609410e-01,6.248923898279897804e-01,3.136549111700104309e-01,1.162760442255130089e+00,2.644540874610246117e-01,3.015086143234769200e-01
6.878480113802450946e-01,3.196264503835485327e-01,6.889390973768657611e-01,1.049350819364542220e+00,7.954475974591563858e-01,2.860325974290214845e-02,-1.973243648507721493e-01,6.427989091730310633e-01,7.204621377642060898e-01,3.479094649127415506e-01,6.251066572691815759e-01,1.763254064916393860e-01,4.636707006944766341e-01,2.676094125545657731e-01,5.896206869076517920e-01,8.781211189077960944e-01,5.331435389331268260e-01,3.981806471205617814e-01,5.530028323666003054e-01
2.426029919176011795e-01,6.866685242871505279e-01,-7.181158525372789529e-03,4.199135678232440161e-01,2.688777437848002827e-01,9.787216795235451627e-01,4.737283824408624611e-01,3.903395210976612351e-01,4.609352538637498942e-01,5.846463867975125739e-01,4.377307713542111234e-01,3.761748539684153791e-01,6.433934744696142571e-01,5.259682899855137178e-02,4.015378258296092850e-01,5.223034115083660112e-01,2.354421362327028810e-01,3.333549557821842146e-01,3.278124707058394094e-01
1.070859320491249350e-01,5.844850424200535022e-01,2.848117437260649365e-01,7.035825791410041941e-01,4.316957293456211708e-01,8.453570451766651006e-01,2.923589323480602076e-01,5.705472841813874485e-01,8.192356136928428956e-02,5.300062194886568934e-01,5.130904642714423369e-01,5.321160294754717635e-01,1.136438360453079083e-01,4.184205617935185528e-01,7.539474270561049574e-01,2.904656181751165689e-01,7.966467507669555692e-01,8.224716518056269798e-01,2.030140561916011221e-01
8.188037683907358755e-01,-3.282525043555307720e-01,1.133951965161363873e-01,6.014407221078816868e-01,8.030764990761986022e-01,3.838010036045174100e-01,7.102891457355491323e-01,1.229082189374452794e+00,1.445035706092068217e-01,7.189204995485404259e-01,5.057165528645322095e-01,-1.769634063869580248e-02,3.841678779872677030e-01,1.038678452261282970e-01,-2.784621710984547804e-01,1.841092344826904814e-01,3.725794989839955607e-01,7.724164031154239218e-01,6.142146384738270681e-01
4.607644222267946454e-01,4.562209173342567925e-01,7.898657807539124498e-01,3.484255082990774244e-01,4.358678216129927563e-01,6.102294157442449407e-01,3.026125628443718241e-01,4.457447423745287685e-01,3.515910757019722888e-01,1.267290887157899726e-01,3.400250973320847470e-01,3.909830153146858223e-01,5.217264603754648844e-01,5.415034301434471509e-01,3.711018324067696939e-01,5.420670268485535681e-01,4.541562947873444833e-01,6.648860805303705712e-01,2.812770846165542071e-01
7.151235450697759344e-01,3.812215550575117073e-01,4.972678646237066458e-01,3.355874889337167599e-01,2.282676491243864902e-01,5.253303361883366884e-01,6.681891734389305837e-01,4.842965285275687148e-01,6.731480416281341306e-01,5.105432235696596432e-01,5.408339608194097092e-01,4.018188853625967449e-01,5.993778974154886363e-01,1.371290189144684701e+00,4.451554516493133051e-01,6.561188907787796065e-01,7.802836536324475603e-01,6.220749434394140520e-01,3.592914965504632741e-01
6.978741781516245579e-01,1.615778051639893964e-01,8.147719251454037526e-01,4.848916962533132979e-01,-9.474638455598369813e-01,9.773232627516884596e-01,1.753741274311206855e-01,6.819472136249743466e-01,6.674386792112310118e-01,8.991524531938300813e-01,4.161941632032892247e-01,9.319806813770048493e-01,5.435246442702679204e-01,6.003531919766013081e-01,4.450758245873696062e-01,5.754658907664134126e-01,6.877738804810180628e-01,-1.255894037343638359e-01,3.869385670545134187e-02
1.736835580578877936e-01,3.651460757139332602e-01,5.866777173283308500e-01,-2.004698009397633540e-01,8.838464555903986497e-01,6.802225190793208254e-02,4.881287767711497971e-01,9.000834532486828854e-01,4.053707744950538205e-01,3.313971788531759333e-01,6.068666155804285367e-01,1.148419674720041250e+00,6.347200813749754866e-01,3.466373501983814331e-01,8.508873069299719427e-01,6.476533263752594083e-01,9.464402447188506873e-01,2.903502510810834214e-01,7.258837511831474076e-01
5.661918501178931501e-02,-6.653975040763358828e-02,7.486028261792513350e-01,4.540631480042567891e-01,8.149862909242079345e-01,-1.229279227441967409e-01,5.219901008637022333e-01,2.826252182931667245e-01,8.769231312987048055e-01,2.827050785803211230e-01,7.691295398684750984e-01,4.251089189457923356e-01,4.654591539827677149e-01,3.200550852841184679e-01,4.766260418896954842e-01,3.586666166603800776e-01,4.183726150197080718e-01,7.756815114914925591e-01,-1.765673752509394146e-03
5.749115930385055862e-01,4.289328229436123463e-01,9.132951087797782641e-01,3.672221005353178969e-01,6.819101066698257663e-01,3.971265707489323171e-01,6.570139239519260377e-01,4.584253116890065760e-01,2.622006695185088998e-01,1.750332494951301887e-01,5.959092891036015249e-01,7.834368013759149818e-01,1.907962804097422527e-01,2.098373166509772958e-01,3.952912311847914806e-01,5.560011033408739367e-01,5.754412948127983762e-01,-4.370019117783496276e-01,5.334761784479211677e-01
4.529242421447277622e-01,5.279442407535666071e-01,2.068963981255621254e-01,-3.469022128012335671e-01,1.587946469888260048e-01,8.474993547455904608e-01,7.903437214799564625e-01,2.676258316005126758e-01,1.322355142434569197e-01,8.678610430935410625e-01,4.227343489642322316e-01,2.815459389984549810e-01,7.922068865539192428e-01,2.385127896192483499e-01,1.016370210192230505e+00,7.005688268452696654e-01,3.516243543556778484e-01,6.008972526399812830e-01,8.511348940237600802e-02
5.219315701870800295e-01,4.367741177217095982e-01,8.107553856217597499e-02,-1.726563079287774527e-01,4.401655821080863173e-01,3.820418878632594328e-01,9.048316952339734431e-01,5.714333651885896703e-01,2.235760246463396050e-02,5.186096701377412854e-01,7.054386163360383266e-01,-1.473128881865341279e-02,8.299574255366408693e-01,4.933719892323155665e-01,6.508535187327531002e-01,9.063065343330929391e-01,7.457240003406054862e-01,1.012967210070164992e+00,3.522705504248923591e-01
3.319025767465573207e-01,5.213356816750285283e-01,3.928303853046747895e-01,1.813708338246822760e-01,4.374195996901651395e-01,4.308017987489847767e-01,2.594283305117701666e-01,7.443420298195152496e-01,3.707690696710164158e-01,3.914294519704140662e-01,5.469443924359103093e-01,2.992732706983293189e-01,2.772195119629976001e-01,8.352380203035641992e-01,6.695319234764617322e-01,4.254973010179490811e-01,1.928056798461665333e-01,3.836069103365516986e-01,8.189250128779073101e-01
1.439934439768243424e-01,3.705792037713668829e-01,5.630065267977777399e-01,1.282984356671186821e-01,1.120276138517857012e+00,6.912437448164092668e-01,5.250836985807671997e-01,9.061991860882997463e-01,4.106645686239540627e-02,5.164459098648810365e-01,6.939405263956371916e-01,1.909973710750713372e-01,6.207649649912102552e-01,3.993868677478010221e-01,4.453770014036024238e-01,-4.492582601241269513e-01,5.881410073259407678e-01,1.584294004804951972e-01,1.322214010501307491e-01
7.058009849062146790e-01,5.697864310982734271e-01,2.074491107726747219e-01,4.490068588347927991e-01,-3.684787994628939689e-01,1.744206841282842091e-01,3.264146955656973548e-01,6.051829914022669454e-01,8.148058529502762992e-01,3.546295549100064171e-01,5.471981642332121032e-01,5.833197853546655542e-01,4.818226460342986961e-01,5.916221084343528114e-01,1.985412785983409201e-01,5.582820167547989862e-03,4.398708544767656048e-01,6.626930912813696617e-01,6.297830122027691102e-01
1.520528840470906085e-01,2.826310506549060686e-01,7.305641165163851980e-01,1.887467020415027619e-01,3.077727401584817724e-01,5.082848302879182378e-02,3.995532087511816099e-01,6.709083684810839276e-01,6.482397494202898347e-01,3.633988610343321657e-01,1.135811760143417004e+00,3.972328544669842532e-01,4.000276665852771085e-01,2.557259236707006278e-01,2.330312876331035454e-01,6.017860058978222737e-01,4.266137296089010378e-01,2.911478716036621228e-01,3.489992262323594607e-01
2.278538055695391584e-01,6.265709429309318512e-01,6.026603930384016872e-01,4.556475295624137223e-01,5.198221083828497013e-01,3.832857675684097631e-01,5.560451064629625684e-01,-3.836580297541768991e-01,2.464486842499654384e-01,6.168797593564039339e-01,4.789664085380753722e-01,6.010884317730671444e-01,4.190394692094600027e-01,4.006116361743238263e-01,2.940512638534800716e-01,1.515480742542667791e-01,-3.455977752826391303e-01,6.970540960381685913e-01,5.053724396351664261e-01
6.818605399735678807e-01,6.595763594497194848e-01,7.079528070891989433e-01,1.098405133701048531e+00,5.994171874345647355e-01,1.112582373042511286e+00,1.656160519155983335e-01,-1.030738938117756964e+00,-5.311383151399455826e-01,3.268896677848780880e-02,-1.627316917962805809e-01,4.626696981155619670e-01,1.960979112140149028e-01,5.716700550360186428e-01,5.344767005645126856e-01,3.393094784211447834e-01,2.903333984373200338e-01,1.109184015211692742e-01,6.421010069885783045e-01
6.171930112743329033e-01,2.806020331374557975e-01,1.121364112153100806e-01,2.106404678937859876e-01,6.712954580972556595e-01,5.277387123900758592e-01,3.992796707712922832e-01,3.003267899383619821e-01,4.927994733872506083e-01,3.260847160548690504e-01,5.582392080023830250e-01,1.205402308341424034e+00,4.535479884074062329e-01,1.089467209137773285e-01,9.427374534424602937e-01,2.754866191181759016e-01,6.619217987526937463e-01,-6.851697034527633179e-02,-8.955295269722657325e-02
6.989400898485986779e-01,-4.389643646472574656e-01,-5.313376749898284825e-03,5.435161820085361306e-01,7.626613758939981835e-01,1.619596221426736204e-01,8.118516625946954335e-01,-1.372254720921684268e-01,-1.707782391073622841e-02,-2.850975897937674947e-02,4.642198633082772474e-01,1.164094856252277488e+00,2.460472061459910986e-01,2.506743629961855069e-02,6.218499638955627962e-01,3.800789050007434833e-01,4.801103355018245256e-01,1.527035174049654331e-01,2.119606369070498597e-01
3.112037402818342846e-01,4.640304322251747049e-01,2.712864612418927623e-01,8.464908304549286777e-01,6.830906294159377889e-01,-8.423518915055706879e-02,2.871871178404444280e-01,6.362559309375241945e-01,8.056718770187609735e-01,1.035094127946645931e-01,4.830786352668873795e-01,7.827822032420063414e-02,6.979793696655869351e-01,2.645719245362047611e-01,4.349381804832601617e-01,6.314029493923577485e-01,3.606699121248166939e-01,6.904213611592361355e-01,3.670047578506653863e-01
-3.677739961800967072e-01,5.861894818035332522e-01,7.898696540272404087e-01,2.687675534207068506e-01,8.145704993144158301e-01,1.645734178880303711e-01,5.962518171314318272e-01,2.047476899497983893e-01,4.810158584991547914e-01,9.363595186387779767e-01,2.330093417296605351e-01,-3.034575337907341810e-02,8.411231194775883324e-01,3.500345898152563140e-01,4.413427379933484440e-01,3.953758012234359631e-01,4.984743122209832622e-01,2.572748566345340882e-01,2.200551061203324943e-01
3.688709451386516514e-01,7.676225417091385728e-01,8.997350820112466341e-01,-2.041388057512716903e-01,7.975082269225949316e-01,5.540334406310387649e-01,1.945973306820010795e-01,1.161090727167331388e-01,-8.382751744793096038e-02,3.284449501236346713e-01,3.060990472126391970e-01,6.806265076765631861e-01,6.798974781371246445e-01,5.863207154754002115e-01,2.731422367526689099e-01,8.376802848044226923e-01,5.573335113087745096e-01,-2.828871654425792470e-01,1.922358297270433669e-01
